﻿{
  "Name": "アニメーション",
  "MatrixLedWidth": 128,
  "MatrixLedHeight": 32,
  "MatrixLedBrightness": 156,
  "DefaultDisplayPeriod": 2,
  "AnimationDatas": [
    {
      "ImageType": "ImageFile",
      "ImagePath": "画像\\000_黒.png",
      "DisplayPeriod": 2,
      "Kind": "Image",
      "RectX": 0,
      "RectY": 0,
      "RectWidth": 0,
      "RectHeight": 0,
      "OffsetX": 0,
      "OffsetY": 0,
      "TransparentRGB": 0,
      "SelectFontSize": 16,
      "SelectFontColor": 7,
      "DisplayText": null
    },
    {
      "ImageType": "ImageFile",
      "ImagePath": "画像\\001_赤.png",
      "DisplayPeriod": 2,
      "Kind": "Image",
      "RectX": 0,
      "RectY": 0,
      "RectWidth": 0,
      "RectHeight": 0,
      "OffsetX": 0,
      "OffsetY": 0,
      "TransparentRGB": 0,
      "SelectFontSize": 16,
      "SelectFontColor": 7,
      "DisplayText": null
    },
    {
      "ImageType": "ImageFile",
      "ImagePath": "画像\\002_緑.png",
      "DisplayPeriod": 2,
      "Kind": "Image",
      "RectX": 0,
      "RectY": 0,
      "RectWidth": 0,
      "RectHeight": 0,
      "OffsetX": 0,
      "OffsetY": 0,
      "TransparentRGB": 0,
      "SelectFontSize": 16,
      "SelectFontColor": 7,
      "DisplayText": null
    },
    {
      "ImageType": "ImageFile",
      "ImagePath": "画像\\003_黄.png",
      "DisplayPeriod": 2,
      "Kind": "Image",
      "RectX": 0,
      "RectY": 0,
      "RectWidth": 0,
      "RectHeight": 0,
      "OffsetX": 0,
      "OffsetY": 0,
      "TransparentRGB": 0,
      "SelectFontSize": 16,
      "SelectFontColor": 7,
      "DisplayText": null
    },
    {
      "ImageType": "ImageFile",
      "ImagePath": "画像\\004_青.png",
      "DisplayPeriod": 2,
      "Kind": "Image",
      "RectX": 0,
      "RectY": 0,
      "RectWidth": 0,
      "RectHeight": 0,
      "OffsetX": 0,
      "OffsetY": 0,
      "TransparentRGB": 0,
      "SelectFontSize": 16,
      "SelectFontColor": 7,
      "DisplayText": null
    },
    {
      "ImageType": "ImageFile",
      "ImagePath": "画像\\005_紫.png",
      "DisplayPeriod": 2,
      "Kind": "Image",
      "RectX": 0,
      "RectY": 0,
      "RectWidth": 0,
      "RectHeight": 0,
      "OffsetX": 0,
      "OffsetY": 0,
      "TransparentRGB": 0,
      "SelectFontSize": 16,
      "SelectFontColor": 7,
      "DisplayText": null
    },
    {
      "ImageType": "ImageFile",
      "ImagePath": "画像\\006_水.png",
      "DisplayPeriod": 2,
      "Kind": "Image",
      "RectX": 0,
      "RectY": 0,
      "RectWidth": 0,
      "RectHeight": 0,
      "OffsetX": 0,
      "OffsetY": 0,
      "TransparentRGB": 0,
      "SelectFontSize": 16,
      "SelectFontColor": 7,
      "DisplayText": null
    },
    {
      "ImageType": "ImageFile",
      "ImagePath": "画像\\007_白.png",
      "DisplayPeriod": 2,
      "Kind": "Image",
      "RectX": 0,
      "RectY": 0,
      "RectWidth": 0,
      "RectHeight": 0,
      "OffsetX": 0,
      "OffsetY": 0,
      "TransparentRGB": 0,
      "SelectFontSize": 16,
      "SelectFontColor": 7,
      "DisplayText": null
    }
  ]
}