<?xml version="1.0"?>
<configuration>

  <configSections>
    <section name="log4net" type="log4net.Config.Log4NetConfigurationSectionHandler,log4net" />
  </configSections>

  <log4net>
    <!-- ログ出力先の定義 -->
    <appender name="LogFileAppender" type="log4net.Appender.RollingFileAppender" >

      <!-- 作成するログファイル -->
      <!-- ログ・ファイル名の先頭部分 -->
      <param name="File" value=".\log\log.txt" />

      <!-- 追加 -->
      <param name="AppendToFile" value="true" />

      <!-- 50Mbyte毎5ファイルバックアップを指定 -->
      <param name="RollingStyle" value="Size" />
      <MaxSizeRollBackups value="5" />
      <MaximumFileSize value="50MB" />

      <!-- ログ・ファイル名が固定ではないので“false”を指定 -->
      <param name="StaticLogFileName" value="true" />

      <!-- ログの書式 -->
      <layout type="log4net.Layout.PatternLayout">
        <param name="ConversionPattern" value="%d [%t] %-5p (%c) %M - %m%n" />
      </layout>
    </appender>

    <root>
      <!-- ログのレベルを指定 -->
      <!--<level value="INFO" />-->
      <level value="ALL" />

      <!-- どのログ出力先を使用するか -->
      <appender-ref ref="LogFileAppender" />
    </root>


  </log4net>

</configuration>
